Q263454	1885-04-01	1908-09-12
Q76124580	1934-10-23	1959-03-28
Q76114728	1911-04-01	1936-06-15
Q75889568	1927-08-26	1966-04-16
Q130549890	1990-09-13	2024-04-26
Q75883539	1927-11-14	1951-08-11
Q16200714	1888-02-11	1914-12-26
Q26265218	1927-01-06	1971-10-30
Q119850871	1995-06-19	2024-03-29
Q75479374	1885-07-29	1912-10-18
Q26227900	1994-08-07	2023-08-19
Q76137698	1928-04-19	1968-05-18
Q75451019	1922-03-14	1960-10-21
Q75859482	1881-10-08	1907-02-12
Q11975003	1969-06-13	2008-07-26
Q11667205	1963-02-07	1994-09-21
Q76080133	1911-02-23	1947-04-23
Q76069510	1909-07-06	1940-01-22
Q75318158	1909-12-05	1959-12-22
Q11052724	1971-12-28	2018-08-04
Q76050645	1925-09-06	1951-11-24
Q75855447	1963-08-07	1992-05-25
Q75672848	1886-02-11	1905-08-24
Q75249985	1921-10-25	1942-11-28
Q75328831	1911-01-25	1931-06-02
Q152555	1988-08-27	2010-10-10
Q75712784	1885-08-21	1910-11-28
Q76224554	1922-04-16	1944-11-24
Q501446	1929-06-28	1956-08-01
Q76106936	1888-05-05	1910-04-25
Q127514363	1927-06-11	1949-01-29
Q7244150	1972-12-27	2005-08-06
Q75340696	1948-02-22	1990-06-23
Q75368903	1927-01-19	1955-06-26
Q75513965	1972-01-16	2002-08-09
Q75314122	1927-08-21	1950-11-04
Q75332790	1916-03-13	1937-06-01
Q139710429	1909-11-18	1935-09-01
Q75327087	1881-12-28	1902-06-26
Q75915868	1881-09-04	1909-04-27
Q76093394	1896-04-03	1932-02-14
Q75761907	1925-09-10	1954-06-12
Q75972496	1927-04-30	1962-08-09
Q5311288	1956-03-11	1987-09-19
Q75500350	1959-02-06	1999-10-02
Q76180536	1934-03-17	1958-10-03
Q75355727	1928-08-15	1966-10-13
Q76031380	1948-07-12	1968-11-30
Q75676465	1969-02-20	1999-08-21
Q75484493	1934-07-05	1957-08-10
Q75393092	1925-02-18	1950-08-12
Q107652465	1988-11-23	2024-10-14
Q75343524	1921-06-20	1945-01-11
Q75379471	1922-06-26	1942-02-26
Q75638702	1928-12-28	1963-05-04
Q76191273	1916-03-12	1949-09-03
Q75974412	1911-10-27	1945-05-09
Q76015360	1972-01-15	2000-04-29
Q75849697	1896-05-05	1921-07-21
Q75894868	1921-11-17	1943-05-29
Q133151	1948-12-03	1982-07-04
Q161877	1980-10-13	2023-12-27
Q75371276	1922-04-10	1947-05-15
Q75381799	1938-06-18	1960-07-09
Q75561816	1927-05-10	1957-04-24
Q75710285	1921-02-08	1964-08-29
Q76208511	1886-02-25	1913-12-04
Q75364865	1956-02-11	1978-08-28
Q879529	1938-04-15	1976-06-25
Q94769319	1911-10-13	1951-07-12
Q124470474	1881-10-30	1909-11-23
Q76043356	1899-06-11	1951-06-23
Q7789198	1881-04-27	1912-10-10
Q76103195	1980-07-26	2007-09-28
Q5438777	1959-09-04	1993-04-16
Q12028572	1886-02-26	1910-02-05
Q75622026	1881-03-30	1917-05-12
Q75597860	1896-01-31	1924-11-25
Q75565473	1909-05-28	1934-07-28
Q469759	1929-10-11	1961-09-09
Q75330943	1881-07-01	1916-01-08
Q454813	1986-04-29	2012-12-31
Q75280848	1938-08-10	1961-06-17
Q75502003	1886-10-16	1915-02-10
Q76011424	1969-04-16	2002-02-02
Q75337564	1909-02-03	1936-11-07
Q75596818	1925-11-02	1953-09-05
Q9039389	1982-06-12	2018-10-20
Q75459087	1980-06-29	2002-05-25
Q76183318	1983-12-21	2014-09-13
Q75319911	1934-03-02	1956-09-01
Q76128503	1896-02-18	1918-11-11
Q75559054	1881-05-20	1904-07-27
Q7399061	1986-01-08	2017-11-24
Q75704708	1963-09-08	1988-12-17
Q75514737	1928-07-21	1949-11-19
Q75896517	1916-07-04	1942-04-22
Q1564574	1959-06-28	1985-01-26
Q16405823	1938-05-16	1961-10-14
Q16594608	1888-11-01	1909-07-21
Q140839464	1986-12-13	2018-05-26
Q75861454	1881-06-09	1903-06-24
Q60707	1885-12-31	1905-10-11
Q75336761	1896-10-06	1919-05-21
Q272908	1921-07-10	1953-05-23
Q25252795	1979-01-16	2005-04-23
Q75455590	1972-02-29	1999-11-13
Q75322841	1956-05-30	1983-12-29
Q75594040	1969-07-31	1996-04-13
Q75272496	1903-05-15	1935-09-04
Q76137032	1934-07-01	1957-07-20
Q75340127	1885-06-19	1914-07-21
Q75758055	1888-12-04	1920-04-14
Q75328976	1927-01-19	1953-10-12
Q313885	1994-05-21	2017-05-06
Q48221305	1959-03-25	1989-06-30
Q17372908	1956-05-08	1989-07-29
Q5335826	1911-10-20	1934-06-02
Q75987334	1916-02-02	1942-05-29
Q99519731	1922-10-25	1944-05-11
Q76197045	1922-08-07	1943-08-18
Q75965963	1922-01-22	1941-03-08
Q106602220	1934-07-07	1967-02-18
Q75381713	1899-09-10	1934-10-02
Q75627017	1956-04-04	1974-07-22
Q337127	1934-11-10	1963-04-17
Q75558652	1971-03-25	1997-10-04
Q5882306	1980-11-08	2013-04-05
Q1756438	1994-06-13	2020-06-30
Q75785882	1899-06-23	1924-09-06
Q75634404	1971-05-11	2002-04-05
Q242647	1981-01-08	2010-02-27
Q75583029	1899-02-04	1929-04-29
Q75972368	1938-07-07	1964-10-10
Q76146529	1938-06-17	1970-01-03
Q75975162	1938-09-14	1960-09-03
Q75237700	1948-03-25	1969-05-31
Q75280196	1909-09-03	1931-12-05
Q5733773	1881-07-23	1911-01-18
Q75980938	1896-03-12	1941-01-18
Q235595	1909-01-05	1931-07-26
Q75478890	1922-01-05	1943-01-13
Q97198799	1934-03-14	1992-01-09
Q75482966	1903-08-18	1925-03-28
Q75498477	1925-04-16	1955-08-27
Q75265033	1981-11-06	2014-03-29
Q76094127	1881-06-17	1905-11-18
Q265531	1916-02-08	1942-01-12
Q75297911	1896-02-13	1939-07-03
Q75743494	1922-10-31	1954-02-27
Q75939320	1885-05-18	1908-01-28
Q1271784	1982-08-27	2009-08-07
Q75350596	1886-07-31	1912-07-06
Q75411413	1896-09-08	1940-06-29
Q335944	1938-07-14	1974-09-28
Q533380	1921-05-19	1942-09-25
Q75438185	1983-08-14	2016-04-29
Q75276512	1896-09-11	1917-06-02
Q12218736	1982-01-01	2015-05-15
Q75959313	1896-10-04	1936-09-24
Q380118	1982-09-25	2022-03-31
Q41697	1956-12-14	1986-05-24
Q4716285	1881-07-08	1906-01-27
Q75734768	1922-03-30	1964-03-25
Q75711884	1938-02-13	1963-08-21
Q232708	1980-12-03	2009-07-11
Q75991787	1969-02-22	1997-07-05
Q75435733	1929-03-31	1951-07-27
Q76022741	1888-03-01	1932-02-29
Q117006792	1925-07-17	1950-12-31
Q75805953	1938-01-01	1964-04-04
Q75605067	1903-08-14	1936-06-10
Q75250689	1881-12-08	1902-07-14
Q75854978	1983-07-06	2008-04-27
Q75259395	1938-02-05	1963-09-20
Q75894236	1921-09-09	1944-03-07
Q125469794	1983-10-29	2021-11-12
Q4798877	1886-10-12	1913-12-20
Q106775642	1927-10-03	1954-07-24
Q75416842	1959-10-14	1991-03-16
Q75488396	1885-06-05	1905-10-04
Q75772395	1963-01-22	2008-10-16
Q76234223	1922-12-21	1948-06-19
Q76258326	1934-10-04	1999-04-10
Q1381724	1911-12-13	1946-11-13
Q76102651	1921-02-28	1947-12-10
Q75747922	1911-11-04	1937-05-15
Q51883613	1903-07-28	1939-10-14
Q76009096	1972-02-18	1996-12-28
Q116765949	1886-01-09	1953-06-24
Q75988192	1934-09-29	1958-09-27
Q75906489	1885-02-24	1909-10-19
Q75304877	1959-10-15	1985-05-04
Q75438113	1911-06-24	1935-04-11
Q75299604	1963-03-28	1991-09-21
Q75559778	1916-05-09	1941-09-16
Q75305989	1909-11-08	1939-10-17
Q75392988	1881-10-23	1910-01-11
Q75247452	1938-07-28	1961-06-24
Q75359180	1911-06-18	1946-06-02
Q75972100	1969-02-14	1995-05-20
Q75553913	1916-11-05	1947-02-14
Q75573052	1934-07-14	1963-04-27
Q333889	1903-04-09	1933-04-22
Q75556291	1927-01-05	1952-01-19
Q7351526	1979-01-18	2005-10-01
Q75769147	1959-06-12	2001-04-28
Q2678341	1979-05-03	2010-06-19
Q75286815	1969-03-06	1994-04-02
Q76160015	1909-02-21	1932-07-29
Q2150201	1881-12-01	1930-03-28
Q75753917	1963-01-22	2009-08-10
Q75265102	1911-04-25	1937-10-02
Q75392585	1881-12-29	1922-06-27
Q2729640	1969-06-16	1999-06-19
Q583639	1969-10-01	2010-08-25
Q75352970	1925-03-21	1945-08-09
Q75315951	1909-01-29	1939-04-25
Q3099599	1963-12-24	2013-06-22
Q76091800	1911-11-30	1939-11-23
Q75684534	1959-06-15	1983-10-08
Q75925381	1903-02-24	1929-10-15
Q75268192	1928-10-24	1955-11-08
Q75435088	1956-05-06	1981-08-01
Q75416342	1886-05-03	1904-09-14
Q76216933	1959-01-06	1984-07-21
Q75323897	1969-09-05	1995-07-25
Q76049750	1925-11-29	1947-02-20
Q75435041	1881-04-02	1917-10-26
Q75610498	1938-08-08	1972-08-05
Q75310902	1959-12-15	1983-07-16
Q75329600	1929-09-04	1958-10-16
Q4572636	1980-05-25	2014-10-18
Q75706442	1921-04-26	1943-09-25
Q26208131	1928-11-27	1952-02-07
Q75352095	1911-04-06	1947-02-27
Q76267538	1896-04-26	1921-08-24
Q575689	1979-04-18	2022-05-15
Q126912446	1928-10-19	1952-06-18
Q75607299	1896-01-14	1923-02-08
Q6112231	1903-05-22	1926-12-22
Q7648580	1963-05-31	1989-06-10
Q21816218	1982-01-13	2022-08-20
Q76129214	1959-04-13	1985-09-14
Q75330627	1959-07-18	1981-09-03
Q75456988	1886-07-13	1913-07-26
Q75376316	1938-01-07	1969-01-14
Q76208487	1922-06-23	1943-02-27
Q75315633	1929-01-16	1950-05-03
Q76253713	1981-11-25	2004-11-06
Q16030086	1886-12-03	1908-05-05
Q1142115	1980-01-14	2018-06-26
Q75305487	1963-01-31	1985-10-12
Q272880	1929-05-19	1957-07-27
Q75539632	1928-01-08	1955-07-23
Q2641297	1885-03-06	1913-03-13
Q12035619	1988-03-15	2024-09-09
Q75533726	1909-05-27	1939-01-26
Q42319519	1987-07-18	2022-08-06
Q76232932	1896-01-17	1914-09-11
Q75936405	1888-09-04	1921-07-07
Q75971656	1922-12-11	1944-09-22
Q75445788	1928-09-28	1951-09-28
Q75471307	1948-04-07	1972-07-08
Q15439470	1885-10-03	1917-05-23
Q75965216	1903-11-20	1942-08-05
Q75333010	1982-06-22	2015-11-05
Q259988	1928-11-20	1957-07-27
Q75497387	1925-06-09	1957-08-03
Q18412506	1916-09-22	1942-05-10
Q75372652	1925-04-07	1960-04-22
Q228792	1986-04-30	2016-10-15
Q75429090	1938-01-06	1957-01-06
Q16301741	1980-01-15	2013-10-24
Q76201797	1885-09-12	1921-08-02
Q1276728	1972-03-08	2013-12-16
Q76012967	1927-06-11	1949-09-02
Q2576205	1916-05-19	1948-09-18
Q64485608	1928-05-07	1948-06-09
Q8976531	1981-02-16	2015-11-22
Q75668474	1921-12-17	1951-08-08
Q75924331	1922-10-30	1953-01-31
Q75884796	1903-05-07	1928-09-19
Q711495	1916-05-29	1948-02-23
Q76050981	1938-03-18	1962-10-27
Q75957740	1938-03-25	1960-10-08
Q75954286	1963-03-09	1985-05-10
Q75305517	1938-11-08	1965-08-28
Q1692080	1903-05-25	1928-03-07
Q44408535	1922-05-19	1947-08-21
Q75331750	1956-05-10	1995-11-04
Q75919703	1909-06-22	1934-04-04
Q75293810	1925-07-26	1948-07-03
Q2653339	1922-06-19	1952-01-16
Q76077300	1956-02-10	1996-06-22
Q75896841	1938-05-02	1966-07-02
Q75675279	1934-04-17	1962-06-02
Q75355841	1956-10-23	1982-09-03
Q21065343	1903-03-06	1922-12-09
Q76225152	1888-03-18	1920-08-31
